"consensus_timestamp","receiver","payer_account","sender","error_message"
"1779084489787466000","359","995584","10474332","INVALID_OPERATION"
"1779084478023955000","359","995584","10474332","INVALID_OPERATION"
"1779084466612310000","359","995584","10474332","INVALID_OPERATION"
"1779084455179785000","359","995584","10474332","INVALID_OPERATION"
"1779084443678729000","359","995584","10474332","INVALID_OPERATION"
"1779084432140140000","359","995584","10474332","INVALID_OPERATION"
"1779084420700561322","359","995584","10474332","INVALID_OPERATION"
"1779084409150569693","359","995584","10474332","INVALID_OPERATION"
"1779084398070357000","359","995584","10474332","INVALID_OPERATION"
"1779084386309715000","359","995584","10474332","INVALID_OPERATION"
"1779084374918717000","359","995584","10474332","INVALID_OPERATION"
"1779084363400645834","359","995584","10474332","INVALID_OPERATION"
"1779084351814348084","359","995584","10474332","INVALID_OPERATION"
"1779084317928568000","359","995584","10474332","INVALID_OPERATION"
"1779084306131786200","359","995584","10474332","INVALID_OPERATION"
"1779084294787679536","359","995584","10474332","INVALID_OPERATION"
"1779084283681006000","359","995584","10474332","INVALID_OPERATION"
"1779084271608685438","359","995584","10474332","INVALID_OPERATION"
"1779084260357810278","359","995584","10474332","INVALID_OPERATION"
"1779084248737084040","359","995584","10474332","INVALID_OPERATION"
"1779084237372604487","359","995584","10474332","INVALID_OPERATION"
"1779084225723838000","359","995584","10474332","INVALID_OPERATION"
"1779084214282505000","359","995584","10474332","INVALID_OPERATION"
"1779084203041720000","359","995584","10474332","INVALID_OPERATION"
"1779084191528012000","359","995584","10474332","INVALID_OPERATION"
"1779084180379116000","359","995584","10474332","INVALID_OPERATION"
"1779084168424766000","359","995584","10474332","INVALID_OPERATION"
"1779084157160606681","359","995584","10474332","INVALID_OPERATION"
"1779084145808474000","359","995584","10474332","INVALID_OPERATION"
"1779084133927629000","359","995584","10474332","INVALID_OPERATION"
"1779084122720442000","359","995584","10474332","INVALID_OPERATION"
"1779084111076359000","359","995584","10474332","INVALID_OPERATION"
"1779084099671894000","359","995584","10474332","INVALID_OPERATION"
"1779084088396557000","359","995584","10474332","INVALID_OPERATION"
"1779084078559027000","359","995584","10474332","INVALID_OPERATION"
"1779084066011828000","359","995584","10474332","INVALID_OPERATION"
"1779084055160513000","359","995584","10474332","INVALID_OPERATION"
"1779084043579622000","359","995584","10474332","INVALID_OPERATION"
"1779084030830155000","359","995584","10474332","INVALID_OPERATION"
"1779084020295857820","359","995584","10474332","INVALID_OPERATION"
"1779084009356853000","359","995584","10474332","INVALID_OPERATION"
"1779083996440357000","359","995584","10474332","INVALID_OPERATION"
"1779083984944302719","359","995584","10474332","INVALID_OPERATION"
"1779083973765289871","359","995584","10474332","INVALID_OPERATION"
"1779083961922742000","359","995584","10474332","INVALID_OPERATION"
"1779083950450942000","359","995584","10474332","INVALID_OPERATION"
"1779083939039846000","359","995584","10474332","INVALID_OPERATION"
"1779083927720552950","359","995584","10474332","INVALID_OPERATION"
"1779083916165054000","359","995584","10474332","INVALID_OPERATION"
"1779083904611262000","359","995584","10474332","INVALID_OPERATION"
"1779083893040152000","359","995584","10474332","INVALID_OPERATION"
"1779083881970016000","359","995584","10474332","INVALID_OPERATION"
"1779083870265029000","359","995584","10474332","INVALID_OPERATION"
"1779083858724893000","359","995584","10474332","INVALID_OPERATION"
"1779083847522766000","359","995584","10474332","INVALID_OPERATION"
"1779083835978612000","359","995584","10474332","INVALID_OPERATION"
"1779083824350985000","359","995584","10474332","INVALID_OPERATION"
"1779083813014679000","359","995584","10474332","INVALID_OPERATION"
"1779083801274814336","359","995584","10474332","INVALID_OPERATION"
"1779083789937230000","359","995584","10474332","INVALID_OPERATION"
"1779083778282466000","359","995584","10474332","INVALID_OPERATION"
"1779083766979651000","359","995584","10474332","INVALID_OPERATION"
"1779083755473541708","359","995584","10474332","INVALID_OPERATION"
"1779083743961935000","359","995584","10474332","INVALID_OPERATION"
"1779083732509817000","359","995584","10474332","INVALID_OPERATION"
"1779083720976245627","359","995584","10474332","INVALID_OPERATION"
"1779083709686280000","359","995584","10474332","INVALID_OPERATION"
"1779083698192725658","359","995584","10474332","INVALID_OPERATION"
"1779083686546013000","359","995584","10474332","INVALID_OPERATION"
"1779083675129966271","359","995584","10474332","INVALID_OPERATION"
"1779083663958227255","359","995584","10474332","INVALID_OPERATION"
"1779083652389930000","359","995584","10474332","INVALID_OPERATION"
"1779083640637534000","359","995584","10474332","INVALID_OPERATION"
"1779083629279992473","359","995584","10474332","INVALID_OPERATION"
"1779083618132700000","359","995584","10474332","INVALID_OPERATION"
"1779083606356485000","359","995584","10474332","INVALID_OPERATION"
"1779083594820081000","359","995584","10474332","INVALID_OPERATION"
"1779083583531233340","359","995584","10474332","INVALID_OPERATION"
"1779083571962409041","359","995584","10474332","INVALID_OPERATION"
"1779083560265119555","359","995584","10474332","INVALID_OPERATION"
"1779083548977903000","359","995584","10474332","INVALID_OPERATION"
"1779083537415749831","359","995584","10474332","INVALID_OPERATION"
"1779083526078180557","359","995584","10474332","INVALID_OPERATION"
"1779083514453516464","359","995584","10474332","INVALID_OPERATION"
"1779083502882620000","359","995584","10474332","INVALID_OPERATION"
"1779083491473601000","359","995584","10474332","INVALID_OPERATION"
"1779083479988888000","359","995584","10474332","INVALID_OPERATION"
"1779083468759825000","359","995584","10474332","INVALID_OPERATION"
"1779083457444281000","359","995584","10474332","INVALID_OPERATION"
"1779083445786039165","359","995584","10474332","INVALID_OPERATION"
"1779083434027310000","359","995584","10474332","INVALID_OPERATION"
"1779083422684874000","359","995584","10474332","INVALID_OPERATION"
"1779083411045938000","359","995584","10474332","INVALID_OPERATION"
"1779083399819656344","359","995584","10474332","INVALID_OPERATION"
"1779083388346659000","359","995584","10474332","INVALID_OPERATION"
"1779083376719447000","359","995584","10474332","INVALID_OPERATION"
"1779083365301835795","359","995584","10474332","INVALID_OPERATION"
"1779083353753826000","359","995584","10474332","INVALID_OPERATION"
"1779083342365093000","359","995584","10474332","INVALID_OPERATION"
"1779083330746307272","359","995584","10474332","INVALID_OPERATION"
"1779083319583086231","359","995584","10474332","INVALID_OPERATION"
"1779083307770143000","359","995584","10474332","INVALID_OPERATION"
"1779083296358783869","359","995584","10474332","INVALID_OPERATION"
"1779083284828161483","359","995584","10474332","INVALID_OPERATION"
"1779083273436520581","359","995584","10474332","INVALID_OPERATION"
"1779083261718337000","359","995584","10474332","INVALID_OPERATION"
"1779083250369965000","359","995584","10474332","INVALID_OPERATION"
"1779083238821277826","359","995584","10474332","INVALID_OPERATION"
"1779083227437330870","359","995584","10474332","INVALID_OPERATION"
"1779083215822687000","359","995584","10474332","INVALID_OPERATION"
"1779083204488488903","359","995584","10474332","INVALID_OPERATION"
"1779083193185356853","359","995584","10474332","INVALID_OPERATION"
"1779083181454454000","359","995584","10474332","INVALID_OPERATION"
"1779083169898182774","359","995584","10474332","INVALID_OPERATION"
"1779083158586105000","359","995584","10474332","INVALID_OPERATION"
"1779083147202131000","359","995584","10474332","INVALID_OPERATION"
"1779083135615609000","359","995584","10474332","INVALID_OPERATION"
"1779083123834722000","359","995584","10474332","INVALID_OPERATION"
"1779083112386433000","359","995584","10474332","INVALID_OPERATION"
"1779083101023544000","359","995584","10474332","INVALID_OPERATION"
"1779083089841334794","359","995584","10474332","INVALID_OPERATION"
"1779083078146181000","359","995584","10474332","INVALID_OPERATION"
"1779083066631039386","359","995584","10474332","INVALID_OPERATION"
"1779083055083099093","359","995584","10474332","INVALID_OPERATION"
"1779083043539547000","359","995584","10474332","INVALID_OPERATION"
"1779083032297306000","359","995584","10474332","INVALID_OPERATION"
"1779083020343415344","359","995584","10474332","INVALID_OPERATION"
"1779083009151513000","359","995584","10474332","INVALID_OPERATION"
"1779082997467557000","359","995584","10474332","INVALID_OPERATION"
"1779082986017543000","359","995584","10474332","INVALID_OPERATION"
"1779082974428407939","359","995584","10474332","INVALID_OPERATION"
"1779082963081078000","359","995584","10474332","INVALID_OPERATION"
"1779082951604709000","359","995584","10474332","INVALID_OPERATION"
"1779082940179044059","359","995584","10474332","INVALID_OPERATION"
"1779082928624324000","359","995584","10474332","INVALID_OPERATION"
"1779082917083200000","359","995584","10474332","INVALID_OPERATION"
"1779082905609567000","359","995584","10474332","INVALID_OPERATION"
"1779082894173266000","359","995584","10474332","INVALID_OPERATION"
"1779082882675896791","359","995584","10474332","INVALID_OPERATION"
"1779082871156101991","359","995584","10474332","INVALID_OPERATION"
"1779082859699579000","359","995584","10474332","INVALID_OPERATION"
"1779082848092826000","359","995584","10474332","INVALID_OPERATION"
"1779082836497467050","359","995584","10474332","INVALID_OPERATION"
"1779082825093089000","359","995584","10474332","INVALID_OPERATION"
"1779082813736804000","359","995584","10474332","INVALID_OPERATION"
"1779082801891789000","359","995584","10474332","INVALID_OPERATION"
"1779082790909457000","359","995584","10474332","INVALID_OPERATION"
"1779082779244921330","359","995584","10474332","INVALID_OPERATION"
"1779082767915948000","359","995584","10474332","INVALID_OPERATION"
"1779082756482377115","359","995584","10474332","INVALID_OPERATION"
"1779082744710886836","359","995584","10474332","INVALID_OPERATION"
"1779082733132426000","359","995584","10474332","INVALID_OPERATION"
"1779082721725002349","359","995584","10474332","INVALID_OPERATION"
"1779082709990510000","359","995584","10474332","INVALID_OPERATION"
"1779082698842564000","359","995584","10474332","INVALID_OPERATION"
"1779082687268158000","359","995584","10474332","INVALID_OPERATION"
"1779082675506658000","359","995584","10474332","INVALID_OPERATION"
"1779082664412112000","359","995584","10474332","INVALID_OPERATION"
"1779082652870111228","359","995584","10474332","INVALID_OPERATION"
"1779082641102928000","359","995584","10474332","INVALID_OPERATION"
"1779082629553223000","359","995584","10474332","INVALID_OPERATION"
"1779082618063553000","359","995584","10474332","INVALID_OPERATION"
"1779082606757160808","359","995584","10474332","INVALID_OPERATION"
"1779082594889460000","359","995584","10474332","INVALID_OPERATION"
"1779082583772994111","359","995584","10474332","INVALID_OPERATION"
"1779082572131081000","359","995584","10474332","INVALID_OPERATION"
"1779082560474073000","359","995584","10474332","INVALID_OPERATION"
"1779082549238762000","359","995584","10474332","INVALID_OPERATION"
"1779082537454476000","359","995584","10474332","INVALID_OPERATION"
"1779082526277365266","359","995584","10474332","INVALID_OPERATION"
"1779082514796205943","359","995584","10474332","INVALID_OPERATION"
"1779082503166635000","359","995584","10474332","INVALID_OPERATION"
"1779082491748471254","359","995584","10474332","INVALID_OPERATION"
"1779082480311100000","359","995584","10474332","INVALID_OPERATION"
"1779082468777154000","359","995584","10474332","INVALID_OPERATION"
"1779082457259480000","359","995584","10474332","INVALID_OPERATION"
"1779082445962031000","359","995584","10474332","INVALID_OPERATION"
"1779082434526525000","359","995584","10474332","INVALID_OPERATION"
"1779082422622954990","359","995584","10474332","INVALID_OPERATION"
"1779082411259263000","359","995584","10474332","INVALID_OPERATION"
"1779082399850849000","359","995584","10474332","INVALID_OPERATION"
"1779082388248077967","359","995584","10474332","INVALID_OPERATION"
"1779082376849132734","359","995584","10474332","INVALID_OPERATION"
"1779082365456890000","359","995584","10474332","INVALID_OPERATION"
"1779082353980581000","359","995584","10474332","INVALID_OPERATION"
"1779082342437939000","359","995584","10474332","INVALID_OPERATION"
"1779082330754275051","359","995584","10474332","INVALID_OPERATION"
"1779082319266376603","359","995584","10474332","INVALID_OPERATION"
"1779082307709047938","359","995584","10474332","INVALID_OPERATION"
"1779082296120815000","359","995584","10474332","INVALID_OPERATION"
"1779082284760750000","359","995584","10474332","INVALID_OPERATION"
"1779082273768905000","359","995584","10474332","INVALID_OPERATION"
"1779082261990859089","359","995584","10474332","INVALID_OPERATION"
"1779082250492701000","359","995584","10474332","INVALID_OPERATION"
"1779082238969053000","359","995584","10474332","INVALID_OPERATION"
"1779082227447529099","359","995584","10474332","INVALID_OPERATION"
"1779082215604463000","359","995584","10474332","INVALID_OPERATION"
"1779082204036901000","359","995584","10474332","INVALID_OPERATION"
"1779082192486058000","359","995584","10474332","INVALID_OPERATION"
"1779082180860618000","359","995584","10474332","INVALID_OPERATION"
"1779082169697761036","359","995584","10474332","INVALID_OPERATION"
"1779082157980800000","359","995584","10474332","INVALID_OPERATION"
"1779082146636059000","359","995584","10474332","INVALID_OPERATION"
"1779082135139440000","359","995584","10474332","INVALID_OPERATION"
"1779082123793904000","359","995584","10474332","INVALID_OPERATION"
"1779082112094247000","359","995584","10474332","INVALID_OPERATION"
"1779082100539719511","359","995584","10474332","INVALID_OPERATION"
"1779082089090204000","359","995584","10474332","INVALID_OPERATION"
"1779082077689729343","359","995584","10474332","INVALID_OPERATION"
"1779082065762277000","359","995584","10474332","INVALID_OPERATION"
"1779082054482361335","359","995584","10474332","INVALID_OPERATION"
"1779082042905374000","359","995584","10474332","INVALID_OPERATION"
"1779082031312847000","359","995584","10474332","INVALID_OPERATION"
"1779082019772647000","359","995584","10474332","INVALID_OPERATION"
"1779082008506533000","359","995584","10474332","INVALID_OPERATION"
"1779081996875211000","359","995584","10474332","INVALID_OPERATION"
"1779081985269920000","359","995584","10474332","INVALID_OPERATION"
"1779081973937542000","359","995584","10474332","INVALID_OPERATION"
"1779081962589183000","359","995584","10474332","INVALID_OPERATION"
"1779081951290450000","359","995584","10474332","INVALID_OPERATION"
"1779081939425413000","359","995584","10474332","INVALID_OPERATION"
"1779081928147032422","359","995584","10474332","INVALID_OPERATION"
"1779081916410685000","359","995584","10474332","INVALID_OPERATION"
"1779081904840882000","359","995584","10474332","INVALID_OPERATION"
"1779081893576938000","359","995584","10474332","INVALID_OPERATION"
"1779081882124597000","359","995584","10474332","INVALID_OPERATION"
"1779081870905757495","359","995584","10474332","INVALID_OPERATION"
"1779081858856168000","359","995584","10474332","INVALID_OPERATION"
"1779081847418508000","359","995584","10474332","INVALID_OPERATION"
"1779081835803440000","359","995584","10474332","INVALID_OPERATION"
"1779081824518673000","359","995584","10474332","INVALID_OPERATION"
"1779081813058775000","359","995584","10474332","INVALID_OPERATION"
"1779081801286517000","359","995584","10474332","INVALID_OPERATION"
"1779081789772671000","359","995584","10474332","INVALID_OPERATION"
"1779081778329641000","359","995584","10474332","INVALID_OPERATION"
"1779081766805565000","359","995584","10474332","INVALID_OPERATION"
"1779081755198255506","359","995584","10474332","INVALID_OPERATION"
"1779081743833431000","359","995584","10474332","INVALID_OPERATION"
"1779081732404836708","359","995584","10474332","INVALID_OPERATION"
"1779081720608088000","359","995584","10474332","INVALID_OPERATION"
"1779081709025215299","359","995584","10474332","INVALID_OPERATION"
"1779081697664542620","359","995584","10474332","INVALID_OPERATION"
"1779081686379591000","359","995584","10474332","INVALID_OPERATION"
"1779081675043408454","359","995584","10474332","INVALID_OPERATION"
"1779081663201942000","359","995584","10474332","INVALID_OPERATION"
"1779081651671272399","359","995584","10474332","INVALID_OPERATION"
"1779081640234673597","359","995584","10474332","INVALID_OPERATION"
"1779081628477793000","359","995584","10474332","INVALID_OPERATION"
"1779081617159797219","359","995584","10474332","INVALID_OPERATION"
"1779081605680964000","359","995584","10474332","INVALID_OPERATION"
"1779081593967351000","359","995584","10474332","INVALID_OPERATION"
"1779081582639496975","359","995584","10474332","INVALID_OPERATION"
"1779081570847950000","359","995584","10474332","INVALID_OPERATION"
"1779081559436339000","359","995584","10474332","INVALID_OPERATION"
"1779081548027539000","359","995584","10474332","INVALID_OPERATION"
"1779081536557634000","359","995584","10474332","INVALID_OPERATION"
"1779081525341755615","359","995584","10474332","INVALID_OPERATION"
"1779081513698024357","359","995584","10474332","INVALID_OPERATION"
"1779081501893713000","359","995584","10474332","INVALID_OPERATION"
"1779081490298055000","359","995584","10474332","INVALID_OPERATION"
"1779081478848846000","359","995584","10474332","INVALID_OPERATION"
"1779081467335186716","359","995584","10474332","INVALID_OPERATION"
"1779081455747235000","359","995584","10474332","INVALID_OPERATION"
"1779081444404073000","359","995584","10474332","INVALID_OPERATION"
"1779081433087159000","359","995584","10474332","INVALID_OPERATION"
"1779081421373673000","359","995584","10474332","INVALID_OPERATION"
"1779081409939405000","359","995584","10474332","INVALID_OPERATION"
"1779081398135951679","359","995584","10474332","INVALID_OPERATION"
"1779081386978151000","359","995584","10474332","INVALID_OPERATION"
"1779081352425827000","359","995584","10474332","INVALID_OPERATION"
"1779081340618279000","359","995584","10474332","INVALID_OPERATION"
"1779081329164534000","359","995584","10474332","INVALID_OPERATION"
"1779081317386317000","359","995584","10474332","INVALID_OPERATION"
"1779081305948299000","359","995584","10474332","INVALID_OPERATION"
"1779081294427197000","359","995584","10474332","INVALID_OPERATION"
"1779081282928490000","359","995584","10474332","INVALID_OPERATION"
"1779081271964115290","359","995584","10474332","INVALID_OPERATION"
"1779081259922239000","359","995584","10474332","INVALID_OPERATION"
"1779081248444648000","359","995584","10474332","INVALID_OPERATION"
"1779081237014693000","359","995584","10474332","INVALID_OPERATION"
"1779081225367324000","359","995584","10474332","INVALID_OPERATION"
"1779081214128698412","359","995584","10474332","INVALID_OPERATION"
"1779081202381412099","359","995584","10474332","INVALID_OPERATION"
"1779081190846228000","359","995584","10474332","INVALID_OPERATION"
"1779081179661861000","359","995584","10474332","INVALID_OPERATION"
"1779081167938102202","359","995584","10474332","INVALID_OPERATION"
"1779081156103651000","359","995584","10474332","INVALID_OPERATION"
"1779081145123099000","359","995584","10474332","INVALID_OPERATION"
"1779081133321921000","359","995584","10474332","INVALID_OPERATION"
"1779081121888455000","359","995584","10474332","INVALID_OPERATION"
"1779081110712723000","359","995584","10474332","INVALID_OPERATION"
"1779081098904321000","359","995584","10474332","INVALID_OPERATION"
"1779081087494240000","359","995584","10474332","INVALID_OPERATION"
"1779081075884212000","359","995584","10474332","INVALID_OPERATION"
"1779081064334485915","359","995584","10474332","INVALID_OPERATION"
"1779081052756323000","359","995584","10474332","INVALID_OPERATION"
"1779081041017309000","359","995584","10474332","INVALID_OPERATION"
"1779081029674326561","359","995584","10474332","INVALID_OPERATION"
"1779081018043069000","359","995584","10474332","INVALID_OPERATION"
"1779081006687588000","359","995584","10474332","INVALID_OPERATION"
"1779080995041409000","359","995584","10474332","INVALID_OPERATION"
"1779080984226233423","359","995584","10474332","INVALID_OPERATION"
"1779080972314092000","359","995584","10474332","INVALID_OPERATION"
"1779080960365576000","359","995584","10474332","INVALID_OPERATION"
"1779080948826867789","359","995584","10474332","INVALID_OPERATION"
"1779080937429939120","359","995584","10474332","INVALID_OPERATION"
"1779080926006795000","359","995584","10474332","INVALID_OPERATION"
"1779080914498752000","359","995584","10474332","INVALID_OPERATION"
"1779080903009232000","359","995584","10474332","INVALID_OPERATION"
"1779080891237190000","359","995584","10474332","INVALID_OPERATION"
"1779080880003178000","359","995584","10474332","INVALID_OPERATION"
"1779080868283005000","359","995584","10474332","INVALID_OPERATION"
"1779080857066108093","359","995584","10474332","INVALID_OPERATION"
"1779080845388719844","359","995584","10474332","INVALID_OPERATION"
"1779080833732193758","359","995584","10474332","INVALID_OPERATION"
"1779080822144242000","359","995584","10474332","INVALID_OPERATION"
"1779080810798330533","359","995584","10474332","INVALID_OPERATION"
"1779080799011237000","359","995584","10474332","INVALID_OPERATION"
"1779080787452285322","359","995584","10474332","INVALID_OPERATION"
"1779080776192246000","359","995584","10474332","INVALID_OPERATION"
"1779080764659208000","359","995584","10474332","INVALID_OPERATION"
"1779080752981476000","359","995584","10474332","INVALID_OPERATION"
"1779080741434638000","359","995584","10474332","INVALID_OPERATION"
"1779080729900285473","359","995584","10474332","INVALID_OPERATION"
"1779080718432420000","359","995584","10474332","INVALID_OPERATION"
"1779080706922603998","359","995584","10474332","INVALID_OPERATION"
"1779080695412313000","359","995584","10474332","INVALID_OPERATION"
"1779073511820278279","359","995584","10474332","INVALID_OPERATION"
"1779045374834886548","359","995584","10474332","INVALID_OPERATION"
"1779024769552999549","359","995584","10474332","INVALID_OPERATION"
"1779020292830860000","359","995584","10474332","INVALID_OPERATION"
"1778974535194725452","359","995584","10474332","INVALID_OPERATION"
"1778974523203414000","359","995584","10474332","INVALID_OPERATION"
"1778974511309874000","359","995584","10474332","INVALID_OPERATION"
"1778974499111719000","359","995584","10474332","INVALID_OPERATION"
"1778974487113970000","359","995584","10474332","INVALID_OPERATION"
"1778974474920643000","359","995584","10474332","INVALID_OPERATION"
"1778974463214663605","359","995584","10474332","INVALID_OPERATION"
"1778974451252716249","359","995584","10474332","INVALID_OPERATION"
"1778974438976326000","359","995584","10474332","INVALID_OPERATION"
"1778974427161481856","359","995584","10474332","INVALID_OPERATION"
"1778974415133279000","359","995584","10474332","INVALID_OPERATION"
"1778974402961623320","359","995584","10474332","INVALID_OPERATION"
"1778974391063967000","359","995584","10474332","INVALID_OPERATION"
"1778974379136212021","359","995584","10474332","INVALID_OPERATION"
"1778974367280768000","359","995584","10474332","INVALID_OPERATION"
"1778974355480812000","359","995584","10474332","INVALID_OPERATION"
"1778974343242759000","359","995584","10474332","INVALID_OPERATION"
"1778974331636245812","359","995584","10474332","INVALID_OPERATION"
"1778974319238707000","359","995584","10474332","INVALID_OPERATION"
"1778974306961008000","359","995584","10474332","INVALID_OPERATION"
"1778974295030539000","359","995584","10474332","INVALID_OPERATION"
"1778974283132414000","359","995584","10474332","INVALID_OPERATION"
"1778974271076658097","359","995584","10474332","INVALID_OPERATION"
"1778974259300808554","359","995584","10474332","INVALID_OPERATION"
"1778974247190855000","359","995584","10474332","INVALID_OPERATION"
"1778974235082275000","359","995584","10474332","INVALID_OPERATION"
"1778974223188127000","359","995584","10474332","INVALID_OPERATION"
"1778974211081185000","359","995584","10474332","INVALID_OPERATION"
"1778974199177804000","359","995584","10474332","INVALID_OPERATION"
"1778974187118862000","359","995584","10474332","INVALID_OPERATION"
"1778974175164911000","359","995584","10474332","INVALID_OPERATION"
"1778974163049188000","359","995584","10474332","INVALID_OPERATION"
"1778974151095332000","359","995584","10474332","INVALID_OPERATION"
"1778974139211529000","359","995584","10474332","INVALID_OPERATION"
"1778974127003727614","359","995584","10474332","INVALID_OPERATION"
"1778974114965523746","359","995584","10474332","INVALID_OPERATION"
"1778974103560695000","359","995584","10474332","INVALID_OPERATION"
"1778974091133298000","359","995584","10474332","INVALID_OPERATION"
"1778974079009804386","359","995584","10474332","INVALID_OPERATION"
"1778974066924415000","359","995584","10474332","INVALID_OPERATION"
"1778974055060985721","359","995584","10474332","INVALID_OPERATION"
"1778974042909947000","359","995584","10474332","INVALID_OPERATION"
"1778974030929543000","359","995584","10474332","INVALID_OPERATION"
"1778974018789334000","359","995584","10474332","INVALID_OPERATION"
"1778974006966488000","359","995584","10474332","INVALID_OPERATION"
"1778973995158786131","359","995584","10474332","INVALID_OPERATION"
"1778973983143579000","359","995584","10474332","INVALID_OPERATION"
"1778973971182773000","359","995584","10474332","INVALID_OPERATION"
"1778973958956716000","359","995584","10474332","INVALID_OPERATION"
"1778973947077211000","359","995584","10474332","INVALID_OPERATION"
"1778973934928995812","359","995584","10474332","INVALID_OPERATION"
"1778973922901154388","359","995584","10474332","INVALID_OPERATION"
"1778973911088601108","359","995584","10474332","INVALID_OPERATION"
"1778973898910038000","359","995584","10474332","INVALID_OPERATION"
"1778973887210109300","359","995584","10474332","INVALID_OPERATION"
"1778973874916463713","359","995584","10474332","INVALID_OPERATION"
"1778973862931525000","359","995584","10474332","INVALID_OPERATION"
"1778973851036417000","359","995584","10474332","INVALID_OPERATION"
"1778973839159401884","359","995584","10474332","INVALID_OPERATION"
"1778973826754314000","359","995584","10474332","INVALID_OPERATION"
"1778973815441038000","359","995584","10474332","INVALID_OPERATION"
"1778973803228921000","359","995584","10474332","INVALID_OPERATION"
"1778973790893069000","359","995584","10474332","INVALID_OPERATION"
"1778973779027624000","359","995584","10474332","INVALID_OPERATION"
"1778973766803168221","359","995584","10474332","INVALID_OPERATION"
"1778973754900972341","359","995584","10474332","INVALID_OPERATION"
"1778973742981720000","359","995584","10474332","INVALID_OPERATION"
"1778973731246524156","359","995584","10474332","INVALID_OPERATION"
"1778973719237824000","359","995584","10474332","INVALID_OPERATION"
"1778973707028034443","359","995584","10474332","INVALID_OPERATION"
"1778973694812992000","359","995584","10474332","INVALID_OPERATION"
"1778973683077728000","359","995584","10474332","INVALID_OPERATION"
"1778973671110196000","359","995584","10474332","INVALID_OPERATION"
"1778973658879987000","359","995584","10474332","INVALID_OPERATION"
"1778973646858049000","359","995584","10474332","INVALID_OPERATION"
"1778973634841976000","359","995584","10474332","INVALID_OPERATION"
"1778973623025762109","359","995584","10474332","INVALID_OPERATION"
"1778973612094147000","359","995584","10474332","INVALID_OPERATION"
"1778973599031085210","359","995584","10474332","INVALID_OPERATION"
"1778973587036921000","359","995584","10474332","INVALID_OPERATION"
"1778973574925725000","359","995584","10474332","INVALID_OPERATION"
"1778973562747205000","359","995584","10474332","INVALID_OPERATION"
"1778973550920927000","359","995584","10474332","INVALID_OPERATION"
"1778973538956570000","359","995584","10474332","INVALID_OPERATION"
"1778973526971163000","359","995584","10474332","INVALID_OPERATION"
"1778973514957777000","359","995584","10474332","INVALID_OPERATION"
"1778973502800383000","359","995584","10474332","INVALID_OPERATION"
"1778972423904409000","359","995584","10474332","INVALID_OPERATION"
"1778959453247502000","359","995584","10474332","INVALID_OPERATION"
"1778922956637734524","359","995584","10474332","INVALID_OPERATION"
"1778919133391576000","359","995584","10474332","INVALID_OPERATION"
"1778918815833039077","359","995584","10474332","INVALID_OPERATION"
"1778894348095960000","359","995584","10474332","INVALID_OPERATION"
"1778849380923922351","359","995584","10474332","INVALID_OPERATION"
"1778849366965683000","359","995584","10474332","INVALID_OPERATION"
"1778849356225043000","359","995584","10474332","INVALID_OPERATION"
"1778849342202959611","359","995584","10474332","INVALID_OPERATION"
"1778849331208308000","359","995584","10474332","INVALID_OPERATION"
"1778849320300992000","359","995584","10474332","INVALID_OPERATION"
"1778849306546299000","359","995584","10474332","INVALID_OPERATION"
"1778849295486970385","359","995584","10474332","INVALID_OPERATION"
"1778849281688288000","359","995584","10474332","INVALID_OPERATION"
"1778849270616405000","359","995584","10474332","INVALID_OPERATION"
"1778849256854257000","359","995584","10474332","INVALID_OPERATION"
"1778849245874033000","359","995584","10474332","INVALID_OPERATION"
"1778849234564734000","359","995584","10474332","INVALID_OPERATION"
"1778849220825922000","359","995584","10474332","INVALID_OPERATION"
"1778849209981908000","359","995584","10474332","INVALID_OPERATION"
"1778849196032773000","359","995584","10474332","INVALID_OPERATION"
"1778849185042233900","359","995584","10474332","INVALID_OPERATION"
"1778849173935162000","359","995584","10474332","INVALID_OPERATION"
"1778849160146312295","359","995584","10474332","INVALID_OPERATION"
"1778849149137721264","359","995584","10474332","INVALID_OPERATION"
"1778849135227959442","359","995584","10474332","INVALID_OPERATION"
"1778849124260088000","359","995584","10474332","INVALID_OPERATION"
"1778849113296656793","359","995584","10474332","INVALID_OPERATION"
"1778849099264207000","359","995584","10474332","INVALID_OPERATION"
"1778849088312090000","359","995584","10474332","INVALID_OPERATION"
"1778849074479053000","359","995584","10474332","INVALID_OPERATION"
"1778849064959880710","359","995584","10474332","INVALID_OPERATION"
"1778849049529582000","359","995584","10474332","INVALID_OPERATION"
"1778849038524988000","359","995584","10474332","INVALID_OPERATION"
"1778849027761605000","359","995584","10474332","INVALID_OPERATION"
"1778849013746006000","359","995584","10474332","INVALID_OPERATION"
"1778849002861939000","359","995584","10474332","INVALID_OPERATION"
"1778848988734747000","359","995584","10474332","INVALID_OPERATION"
"1778848977938973139","359","995584","10474332","INVALID_OPERATION"
"1778848966685613000","359","995584","10474332","INVALID_OPERATION"
"1778848952922753793","359","995584","10474332","INVALID_OPERATION"
"1778848941999433985","359","995584","10474332","INVALID_OPERATION"
"1778848928195644000","359","995584","10474332","INVALID_OPERATION"
"1778848917085327000","359","995584","10474332","INVALID_OPERATION"
"1778848906014261000","359","995584","10474332","INVALID_OPERATION"
"1778848892476444000","359","995584","10474332","INVALID_OPERATION"
"1778848881241944000","359","995584","10474332","INVALID_OPERATION"
"1778848867532192000","359","995584","10474332","INVALID_OPERATION"
"1778848856486053098","359","995584","10474332","INVALID_OPERATION"
"1778848842395596926","359","995584","10474332","INVALID_OPERATION"
"1778848831505177000","359","995584","10474332","INVALID_OPERATION"
"1778848820484115000","359","995584","10474332","INVALID_OPERATION"
"1778848806651347535","359","995584","10474332","INVALID_OPERATION"
"1778848795736550000","359","995584","10474332","INVALID_OPERATION"
"1778848781870598149","359","995584","10474332","INVALID_OPERATION"
"1778848770630153000","359","995584","10474332","INVALID_OPERATION"
"1778848759705179000","359","995584","10474332","INVALID_OPERATION"
"1778848746256273452","359","995584","10474332","INVALID_OPERATION"
"1778848734813948000","359","995584","10474332","INVALID_OPERATION"
"1778848721903545116","359","995584","10474332","INVALID_OPERATION"
"1778848710066401483","359","995584","10474332","INVALID_OPERATION"
"1778848699314635000","359","995584","10474332","INVALID_OPERATION"
"1778848685387524000","359","995584","10474332","INVALID_OPERATION"
"1778848674133727156","359","995584","10474332","INVALID_OPERATION"
"1778848660570100386","359","995584","10474332","INVALID_OPERATION"
"1778848649636924000","359","995584","10474332","INVALID_OPERATION"
"1778848635546799000","359","995584","10474332","INVALID_OPERATION"
"1778848624532016000","359","995584","10474332","INVALID_OPERATION"
"1778848613548967000","359","995584","10474332","INVALID_OPERATION"
"1778848599857716000","359","995584","10474332","INVALID_OPERATION"
"1778848589148804386","359","995584","10474332","INVALID_OPERATION"
"1778848575227915000","359","995584","10474332","INVALID_OPERATION"
"1778848564215687000","359","995584","10474332","INVALID_OPERATION"
"1778848553192922821","359","995584","10474332","INVALID_OPERATION"
"1778848539529560000","359","995584","10474332","INVALID_OPERATION"
"1778848528189939000","359","995584","10474332","INVALID_OPERATION"
"1778848514429736000","359","995584","10474332","INVALID_OPERATION"
"1778848503410283000","359","995584","10474332","INVALID_OPERATION"
"1778848492245612373","359","995584","10474332","INVALID_OPERATION"
"1778848478860119690","359","995584","10474332","INVALID_OPERATION"
"1778848467246294000","359","995584","10474332","INVALID_OPERATION"
"1778848454126793000","359","995584","10474332","INVALID_OPERATION"
"1778848442474365000","359","995584","10474332","INVALID_OPERATION"
"1778848428919493737","359","995584","10474332","INVALID_OPERATION"
"1778848417815063000","359","995584","10474332","INVALID_OPERATION"
"1778848406679347000","359","995584","10474332","INVALID_OPERATION"
"1778848393082082000","359","995584","10474332","INVALID_OPERATION"
"1778848382128595000","359","995584","10474332","INVALID_OPERATION"
"1778848368126942207","359","995584","10474332","INVALID_OPERATION"
"1778848357220369000","359","995584","10474332","INVALID_OPERATION"
"1778848346298343000","359","995584","10474332","INVALID_OPERATION"
"1778848332345209000","359","995584","10474332","INVALID_OPERATION"
"1778848321746653000","359","995584","10474332","INVALID_OPERATION"
"1778848307403726000","359","995584","10474332","INVALID_OPERATION"
"1778848296396031000","359","995584","10474332","INVALID_OPERATION"
"1778848285338876000","359","995584","10474332","INVALID_OPERATION"
"1778848271622320000","359","995584","10474332","INVALID_OPERATION"
"1778848246602924000","359","995584","10474332","INVALID_OPERATION"
"1778848235676863000","359","995584","10474332","INVALID_OPERATION"
"1778848224780514000","359","995584","10474332","INVALID_OPERATION"
"1778840824513480263","359","995584","10474332","INVALID_OPERATION"
"1778836424701824000","359","995584","10474332","INVALID_OPERATION"
"1772459206863364000","362","995584","10304485","INVALID_OPERATION"
"1772450843450198000","362","995584","10304485","INVALID_OPERATION"
"1772450148958658914","362","995584","10304485","INVALID_OPERATION"
"1772449501086424000","362","995584","10304485","INVALID_OPERATION"
"1772441711625548000","362","995584","10304485","INVALID_OPERATION"
"1772436849499483000","359","7898307","10279946","INVALID_OPERATION"
"1770719106086270000","359","3286560","10164888","INVALID_OPERATION"
"1770718845362679000","359","3286560","10164888","INVALID_OPERATION"
"1770718799904005000","359","3286560","10164888","INVALID_OPERATION"
"1770718714316947000","359","3286560","10164888","INVALID_OPERATION"
"1770717494189302000","359","3286560","10164888","INVALID_OPERATION"
"1770717481989576000","359","3286560","10164888","INVALID_OPERATION"
"1770716298708841000","359","3286560","10164888","INVALID_OPERATION"
"1770716287922785000","359","3286560","10164888","INVALID_OPERATION"
"1770714790355898980","359","3286560","10164888","INVALID_OPERATION"
"1770714781671808000","359","3286560","10164888","INVALID_OPERATION"
"1770714769264162000","359","3286560","10164888","INVALID_OPERATION"
"1770714755813897000","359","3286560","10164888","INVALID_OPERATION"
"1767936663412769000","359","995584","8213379","INVALID_OPERATION"
"1758018338086044791","359","995584","9637418","INVALID_OPERATION"
"1758018196044053000","359","995584","9637418","INVALID_OPERATION"
"1758018094000416413","359","995584","9637418","INVALID_OPERATION"
"1758017827997317000","359","995584","9637418","INVALID_OPERATION"
"1758017362169381000","359","995584","9637418","INVALID_OPERATION"
"1758017249477683000","359","995584","9637418","INVALID_OPERATION"
"1758016778489070000","359","995584","9637418","INVALID_OPERATION"
"1758016552146143000","359","995584","9637418","INVALID_OPERATION"
"1755832355723565000","359","995584","9275255","INVALID_OPERATION"
"1748316870136052271","359","995584","9213112","INVALID_OPERATION"
